58,ambisonics
22,Aputure
16,ARRI
19,Cineroid
29,Console
47,D.I box
17,Dedo
21,Fomex
28,HONDA
59,I-Lok
55,i/o interface
20,Kino Flo
24,Konica Minolta
36,LED 베이스
18,Ledgo
23,NanLite
25,Sekonic
9,"SSD 레코더
/ SSD"
27,The Rag Place
57,노트북
44,"다이나믹
마이크"
41,대파
51,"동시녹음
레코더"
46,"드럼
마이크"
13,드론
2,렌즈
14,"모니터/
빔프로젝터"
49,모니터링 시스템
48,무선 마이크 시스템
12,무전기
42,분류X
43,붐 마이크
33,빔
31,빔/스팟
32,빔/스팟/워시
40,서스포
10,송출 관련
7,스위쳐
34,스팟
30,스플리터
35,워시
53,음향 케이블 및 악세서리
11,인터컴
4,촬영보조장비
1,카메라
56,캘리브레이터
8,컨버터
45,"콘덴서
마이크"
52,콘솔
15,타블렛
3,트라이포드
6,"특수촬영장비
3D 스캐닝 / AI"
5,"특수촬영장비
액션 / VR"
39,퍼넬
54,프로세서
37,핀 조명
50,헤드폰/이어폰
38,헤이져
26,혼합
